source,target
蹦闆-呂育銓,本本
嘎嫂二伯&蔡波能,Ian與Eric（The-DoDo-Men---嘟嘟人）
嘎嫂二伯&蔡波能,6tan
嘎嫂二伯&蔡波能,解婕翎
嘎嫂二伯&蔡波能,令&一粒（壹加壹）
嘎嫂二伯&蔡波能,許廷瑞（超認真少年Imserious）
嘎嫂二伯&蔡波能,好味小姐-Lady-Flavor
嘎嫂二伯&蔡波能,那個女生-Kiki
嘎嫂二伯&蔡波能,奎丁
嘎嫂二伯&蔡波能,草爺（含羞草日記）
嘎嫂二伯&蔡波能,小吳（見習網美小吳）
嘎嫂二伯&蔡波能,一隻阿圓
嘎嫂二伯&蔡波能,彼得爸與蘇珊媽
嘎嫂二伯&蔡波能,理科太太-Li-Ke-Tai-Tai
嘎嫂二伯&蔡波能,愛莉莎莎-Alisasa
嘎嫂二伯&蔡波能,關關關兒
嘎嫂二伯&蔡波能,呱吉-邱威傑
嘎嫂二伯&蔡波能,琳妲-林羿禎
嘎嫂二伯&蔡波能,焦凡凡
嘎嫂二伯&蔡波能,Andy老師-王崇睿
嘎嫂二伯&蔡波能,溫妮-黃于恩
嘎嫂二伯&蔡波能,蔡哥
嘎嫂二伯&蔡波能,蔡桃貴
嘎嫂二伯&蔡波能,千千-Chien-Chien
嘎嫂二伯&蔡波能,滴妹-都冠伶
嘎嫂二伯&蔡波能,劉沛
嘎嫂二伯&蔡波能,HowHow-陳孜昊
嘎嫂二伯&蔡波能,鐵牛-伍嘉緯
嘎嫂二伯&蔡波能,阿滴-都省瑞
嘎嫂二伯&蔡波能,展榮&展瑞
嘎嫂二伯&蔡波能,白癡公主
嘎嫂二伯&蔡波能,黃明志
嘎嫂二伯&蔡波能,林進
嘎嫂二伯&蔡波能,蔡阿嘎-蔡緯嘉
6tan,蔡阿嘎-蔡緯嘉
6tan,嘎嫂二伯&蔡波能
6tan,哲哲-黃雍哲
6tan,千千-Chien-Chien
6tan,曾博恩
6tan,奎丁
6tan,鄭毓倫（台南Josh）
6tan,洋蔥（Onion-Man）
6tan,孫沁岳
6tan,關關關兒
6tan,泱泱-吳泱潾-LYNN
6tan,阿神
6tan,阿部瑪利亞
6tan,志銘與狸貓
6tan,蛇丸
6tan,張志祺（志祺七七-X-圖文不符）
6tan,喬老師（MR.JOE-HOBBY.tv）
6tan,劉沛
6tan,蔡哥
6tan,鵝肉麵
6tan,草爺（含羞草日記）
6tan,阿滴-都省瑞
6tan,本本
6tan,瑋瑋-黃挺瑋
6tan,恩熙俊
6tan,呱吉-邱威傑
6tan,老王
6tan,咪妃
6tan,HowHow-陳孜昊
6tan,微疼
6tan,鐵牛-伍嘉緯
6tan,解婕翎
6tan,鳥屎
白癡公主,理科太太-Li-Ke-Tai-Tai
白癡公主,HowHow-陳孜昊
白癡公主,好味小姐-Lady-Flavor
白癡公主,小賴-賴晏駒
白癡公主,薔薔-林嘉凌
白癡公主,呱吉-邱威傑
白癡公主,吳卓源-Julia-Wu
白癡公主,77老大
白癡公主,喬瑟夫-ChillSeph
白癡公主,曾博恩
白癡公主,小吳（見習網美小吳）
白癡公主,HOOK
白癡公主,一隻阿圓
白癡公主,百靈果
白癡公主,營養健身葛格Peeta
白癡公主,哲哲-黃雍哲
白癡公主,瑋瑋-黃挺瑋
白癡公主,蛇丸
白癡公主,西西歪
白癡公主,唐綺陽
白癡公主,阿部瑪利亞
白癡公主,千千-Chien-Chien
白癡公主,蔡桃貴
白癡公主,蔡阿嘎-蔡緯嘉
白癡公主,溫妮-黃于恩
白癡公主,孫建豪（孫安佐）
白癡公主,關關關兒
白癡公主,展榮&展瑞
白癡公主,阿翰
白癡公主,蔡哥
白癡公主,丹妮婊姐
白癡公主,焦凡凡
白癡公主,琳妲-林羿禎
白癡公主,劉沛
白癡公主,嘎嫂二伯&蔡波能
白癡公主,黑素斯（阿兜仔不教美語）
白癡公主,冏星人-余玥
白癡公主,令&一粒（壹加壹）
白癡公主,滴妹-都冠伶
白癡公主,阿滴-都省瑞
寒國人-張紹群,琳妲-林羿禎
阿啾,黃明志
阿啾,千千-Chien-Chien
阿啾,洋蔥（Onion-Man）
阿啾,鵝肉麵
阿啾,西西歪
阿啾,霸軒與小美-Baxuan-&-Mei
阿啾,亞拉（貓貓蟲咖波）
阿啾,蛋哥
艾爾文,理科太太-Li-Ke-Tai-Tai
艾爾文,滴妹-都冠伶
艾爾文,HowHow-陳孜昊
艾爾文,阿滴-都省瑞
Andy老師-王崇睿,哲哲-黃雍哲
Andy老師-王崇睿,瑋瑋-黃挺瑋
Andy老師-王崇睿,嘎嫂二伯&蔡波能
Andy老師-王崇睿,蔡阿嘎-蔡緯嘉
Andy老師-王崇睿,滴妹-都冠伶
Andy老師-王崇睿,阿滴-都省瑞
Andy老師-王崇睿,劉沛
Andy老師-王崇睿,林進
77老大,Ian與Eric（The-DoDo-Men---嘟嘟人）
77老大,烏鴉DoKa
77老大,亞洲統神-張嘉航
77老大,林進
77老大,Andy老師-王崇睿
77老大,詹姆士
77老大,奎丁
77老大,愛莉莎莎-Alisasa
77老大,錫蘭-Ceylan
77老大,解婕翎
77老大,阿翰
77老大,理科太太-Li-Ke-Tai-Tai
77老大,蒼藍鴿的醫學天地
77老大,琳妲-林羿禎
77老大,HOOK
77老大,曾博恩
77老大,喬瑟夫-ChillSeph
77老大,小吳（見習網美小吳）
77老大,白癡公主
77老大,蛇丸
77老大,王思佳
77老大,那個女生-Kiki
77老大,恩熙俊
77老大,小賴-賴晏駒
77老大,一隻阿圓
77老大,丹妮婊姐
77老大,蔡阿嘎-蔡緯嘉
77老大,阿滴-都省瑞
77老大,千千-Chien-Chien
77老大,Charlie-查理
77老大,蔡哥
77老大,HowHow-陳孜昊
77老大,呱吉-邱威傑
77老大,展榮&展瑞
77老大,滴妹-都冠伶
77老大,本本
77老大,黑男
77老大,艾瑞絲-Aries
77老大,薔薔-林嘉凌
霸軒與小美-Baxuan-&-Mei,艾瑞絲-Aries
霸軒與小美-Baxuan-&-Mei,6tan
霸軒與小美-Baxuan-&-Mei,喬瑟夫-ChillSeph
霸軒與小美-Baxuan-&-Mei,百靈果
霸軒與小美-Baxuan-&-Mei,Ian與Eric（The-DoDo-Men---嘟嘟人）
霸軒與小美-Baxuan-&-Mei,曾博恩
霸軒與小美-Baxuan-&-Mei,營養健身葛格Peeta
霸軒與小美-Baxuan-&-Mei,許伯&簡芝（倉鼠人）
霸軒與小美-Baxuan-&-Mei,鳥屎
霸軒與小美-Baxuan-&-Mei,張志祺（志祺七七-X-圖文不符）
霸軒與小美-Baxuan-&-Mei,嘎嫂二伯&蔡波能
霸軒與小美-Baxuan-&-Mei,大H
霸軒與小美-Baxuan-&-Mei,阿神
霸軒與小美-Baxuan-&-Mei,谷阿莫
霸軒與小美-Baxuan-&-Mei,滴妹-都冠伶
霸軒與小美-Baxuan-&-Mei,劉沛
霸軒與小美-Baxuan-&-Mei,HOOK
霸軒與小美-Baxuan-&-Mei,好味小姐-Lady-Flavor
霸軒與小美-Baxuan-&-Mei,關關關兒
霸軒與小美-Baxuan-&-Mei,展榮&展瑞
霸軒與小美-Baxuan-&-Mei,HowHow-陳孜昊
霸軒與小美-Baxuan-&-Mei,尊-朱玉恩（人生肥宅x尊）
霸軒與小美-Baxuan-&-Mei,阿啾
霸軒與小美-Baxuan-&-Mei,蛇丸
霸軒與小美-Baxuan-&-Mei,蔡阿嘎-蔡緯嘉
霸軒與小美-Baxuan-&-Mei,賤葆-J-Bao
霸軒與小美-Baxuan-&-Mei,一隻阿圓
霸軒與小美-Baxuan-&-Mei,阿滴-都省瑞
霸軒與小美-Baxuan-&-Mei,那個女生-Kiki
霸軒與小美-Baxuan-&-Mei,亞拉（貓貓蟲咖波）
霸軒與小美-Baxuan-&-Mei,啾啾鞋
霸軒與小美-Baxuan-&-Mei,鐵牛-伍嘉緯
霸軒與小美-Baxuan-&-Mei,床編故事-Bad-Time-Stories
霸軒與小美-Baxuan-&-Mei,微疼
霸軒與小美-Baxuan-&-Mei,洋蔥（Onion-Man）
霸軒與小美-Baxuan-&-Mei,龜狗
霸軒與小美-Baxuan-&-Mei,國動
小吳（見習網美小吳）,營養健身葛格Peeta
小吳（見習網美小吳）,小慧就愛吃-シャオホイ
小吳（見習網美小吳）,薔薔-林嘉凌
小吳（見習網美小吳）,Ian與Eric（The-DoDo-Men---嘟嘟人）
小吳（見習網美小吳）,孫沁岳
小吳（見習網美小吳）,曾博恩
小吳（見習網美小吳）,HowHow-陳孜昊
小吳（見習網美小吳）,喬瑟夫-ChillSeph
小吳（見習網美小吳）,賤葆-J-Bao
小吳（見習網美小吳）,那個女生-Kiki
小吳（見習網美小吳）,77老大
小吳（見習網美小吳）,蔡桃貴
小吳（見習網美小吳）,嘎嫂二伯&蔡波能
小吳（見習網美小吳）,阿部瑪利亞
小吳（見習網美小吳）,溫妮-黃于恩
小吳（見習網美小吳）,解婕翎
小吳（見習網美小吳）,蔡阿嘎-蔡緯嘉
小吳（見習網美小吳）,哲哲-黃雍哲
小吳（見習網美小吳）,劉沛
小吳（見習網美小吳）,小賴-賴晏駒
小吳（見習網美小吳）,洋蔥（Onion-Man）
小吳（見習網美小吳）,黃氏兄弟
小吳（見習網美小吳）,蛇丸
小吳（見習網美小吳）,Andy老師-王崇睿
小吳（見習網美小吳）,艾瑞絲-Aries
小吳（見習網美小吳）,令&一粒（壹加壹）
小吳（見習網美小吳）,奎丁
小吳（見習網美小吳）,千千-Chien-Chien
小吳（見習網美小吳）,居妮-Ginny
小吳（見習網美小吳）,本本
小吳（見習網美小吳）,超強系列
小吳（見習網美小吳）,琳妲-林羿禎
小吳（見習網美小吳）,HOOK
小吳（見習網美小吳）,蔡哥
小吳（見習網美小吳）,一隻阿圓
小吳（見習網美小吳）,愛莉莎莎-Alisasa
小吳（見習網美小吳）,理科太太-Li-Ke-Tai-Tai
小吳（見習網美小吳）,丹妮婊姐
小吳（見習網美小吳）,焦凡凡
小吳（見習網美小吳）,阿滴-都省瑞
小吳（見習網美小吳）,滴妹-都冠伶
Bobo&Kira（Bobo-TV）,儒哥
Bobo&Kira（Bobo-TV）,好味小姐-Lady-Flavor
Bobo&Kira（Bobo-TV）,志銘與狸貓
Bobo&Kira（Bobo-TV）,恩恩老師EanTV
Bobo&Kira（Bobo-TV）,鄭毓倫（台南Josh）
Bobo&Kira（Bobo-TV）,許伯&簡芝（倉鼠人）
Bobo&Kira（Bobo-TV）,曾博恩
Bobo&Kira（Bobo-TV）,展榮&展瑞
Bobo&Kira（Bobo-TV）,品筠&京燁（那對夫妻）
Bobo&Kira（Bobo-TV）,77老大
Bobo&Kira（Bobo-TV）,小吳（見習網美小吳）
Bobo&Kira（Bobo-TV）,一隻阿圓
Bobo&Kira（Bobo-TV）,蛇丸
Bobo&Kira（Bobo-TV）,千千-Chien-Chien
Bobo&Kira（Bobo-TV）,Andy老師-王崇睿
Bobo&Kira（Bobo-TV）,滴妹-都冠伶
Bobo&Kira（Bobo-TV）,嘎嫂二伯&蔡波能
Bobo&Kira（Bobo-TV）,白癡公主
Bobo&Kira（Bobo-TV）,蔡桃貴
Bobo&Kira（Bobo-TV）,鍾明軒
Bobo&Kira（Bobo-TV）,鐵牛-伍嘉緯
Bobo&Kira（Bobo-TV）,彼得爸與蘇珊媽
Bobo&Kira（Bobo-TV）,琳妲-林羿禎
Bobo&Kira（Bobo-TV）,劉沛
Bobo&Kira（Bobo-TV）,阿滴-都省瑞
Bobo&Kira（Bobo-TV）,理科太太-Li-Ke-Tai-Tai
Bobo&Kira（Bobo-TV）,瑋瑋-黃挺瑋
Bobo&Kira（Bobo-TV）,蔡阿嘎-蔡緯嘉
Bobo&Kira（Bobo-TV）,Our-TV
Bobo&Kira（Bobo-TV）,烏鴉DoKa
Bobo&Kira（Bobo-TV）,本本
Bobo&Kira（Bobo-TV）,愛莉莎莎-Alisasa
Bobo&Kira（Bobo-TV）,哲哲-黃雍哲
Bobo&Kira（Bobo-TV）,草爺（含羞草日記）
Bobo&Kira（Bobo-TV）,黃氏兄弟
Bobo&Kira（Bobo-TV）,Ryu
曾博恩,鳥屎
曾博恩,洋蔥（Onion-Man）
曾博恩,大H
曾博恩,歐耶老師
曾博恩,Ian與Eric（The-DoDo-Men---嘟嘟人）
曾博恩,草爺（含羞草日記）
曾博恩,HOOK
曾博恩,百靈果
曾博恩,阿翰
曾博恩,呱吉-邱威傑
曾博恩,6tan
曾博恩,賤葆-J-Bao
曾博恩,小吳（見習網美小吳）
曾博恩,張志祺（志祺七七-X-圖文不符）
曾博恩,錫蘭-Ceylan
曾博恩,艾瑞絲-Aries
曾博恩,館長-陳之漢
曾博恩,喬瑟夫-ChillSeph
曾博恩,愛莉莎莎-Alisasa
曾博恩,千千-Chien-Chien
曾博恩,解婕翎
曾博恩,吳卓源-Julia-Wu
曾博恩,阿滴-都省瑞
曾博恩,HowHow-陳孜昊
曾博恩,奎丁
曾博恩,琳妲-林羿禎
曾博恩,一隻阿圓
曾博恩,劉沛
曾博恩,營養健身葛格Peeta
曾博恩,反骨男孩-WACKYBOYS
曾博恩,滴妹-都冠伶
曾博恩,白癡公主
曾博恩,溫妮-黃于恩
曾博恩,蔡哥
亞拉（貓貓蟲咖波）,鵝肉麵
亞拉（貓貓蟲咖波）,張志祺（志祺七七-X-圖文不符）
亞拉（貓貓蟲咖波）,床編故事-Bad-Time-Stories
亞拉（貓貓蟲咖波）,喬瑟夫-ChillSeph
亞拉（貓貓蟲咖波）,品筠&京燁（那對夫妻）
亞拉（貓貓蟲咖波）,洋蔥（Onion-Man）
亞拉（貓貓蟲咖波）,阿啾
亞拉（貓貓蟲咖波）,阿翰
亞拉（貓貓蟲咖波）,阿滴-都省瑞
亞拉（貓貓蟲咖波）,滴妹-都冠伶
亞拉（貓貓蟲咖波）,HowHow-陳孜昊
亞拉（貓貓蟲咖波）,霸軒與小美-Baxuan-&-Mei
亞拉（貓貓蟲咖波）,白癡公主
亞拉（貓貓蟲咖波）,微疼
亞拉（貓貓蟲咖波）,蔡阿嘎-蔡緯嘉
Bump-黃煦傑,Andy老師-王崇睿
Bump-黃煦傑,白癡公主
Bump-黃煦傑,賤葆-J-Bao
Bump-黃煦傑,蔡阿嘎-蔡緯嘉
全民瘋車Bar,蛇丸
全民瘋車Bar,咪妃
全民瘋車Bar,曾博恩
Cheap-鄭才暐,賤葆-J-Bao
Cheap-鄭才暐,阿神
Cheap-鄭才暐,Bit-King比特王出任務
Cheap-鄭才暐,營養健身葛格Peeta
Cheap-鄭才暐,喬瑟夫-ChillSeph
Cheap-鄭才暐,鍾明軒
Cheap-鄭才暐,琳妲-林羿禎
Cheap-鄭才暐,孫沁岳
Cheap-鄭才暐,微疼
Cheap-鄭才暐,阿翰
Cheap-鄭才暐,錫蘭-Ceylan
Cheap-鄭才暐,哲哲-黃雍哲
Cheap-鄭才暐,草爺（含羞草日記）
Cheap-鄭才暐,阿滴-都省瑞
Cheap-鄭才暐,許廷瑞（超認真少年Imserious）
Cheap-鄭才暐,志銘與狸貓
Cheap-鄭才暐,張志祺（志祺七七-X-圖文不符）
Cheap-鄭才暐,泡泡哥哥
Cheap-鄭才暐,小哥哥艾理-陳玟里
Cheap-鄭才暐,有感筆電-Daptoper
Cheap-鄭才暐,中指通
Cheap-鄭才暐,郭哲榮
Cheap-鄭才暐,啾啾鞋
Cheap-鄭才暐,那個女生-Kiki
Cheap-鄭才暐,亞拉（貓貓蟲咖波）
Cheap-鄭才暐,館長-陳之漢
薔薔-林嘉凌,欣西亞和Shane
薔薔-林嘉凌,奎丁
薔薔-林嘉凌,小吳（見習網美小吳）
薔薔-林嘉凌,展榮&展瑞
薔薔-林嘉凌,波特王-陳加晉
薔薔-林嘉凌,白癡公主
薔薔-林嘉凌,吳卓源-Julia-Wu
喬瑟夫-ChillSeph,孫沁岳
喬瑟夫-ChillSeph,草爺（含羞草日記）
喬瑟夫-ChillSeph,琳妲-林羿禎
喬瑟夫-ChillSeph,試當真-Trial-&-Error
喬瑟夫-ChillSeph,許廷瑞（超認真少年Imserious）
啾啾鞋,茶里
啾啾鞋,許廷瑞（超認真少年Imserious）
啾啾鞋,孫沁岳
啾啾鞋,瑋瑋-黃挺瑋
啾啾鞋,關關關兒
啾啾鞋,Zoebitalk肉比頭
啾啾鞋,RuRu（Ru味春捲）
啾啾鞋,超粒方
啾啾鞋,令&一粒（壹加壹）
啾啾鞋,微疼
啾啾鞋,賤葆-J-Bao
啾啾鞋,一隻阿圓
啾啾鞋,李芷婷
啾啾鞋,HowHow-陳孜昊
啾啾鞋,嘎嫂二伯&蔡波能
啾啾鞋,床編故事-Bad-Time-Stories
啾啾鞋,反正我很閒
啾啾鞋,蔡哥
啾啾鞋,那個女生-Kiki
啾啾鞋,蔡阿嘎-蔡緯嘉
啾啾鞋,呱吉-邱威傑
啾啾鞋,冏星人-余玥
啾啾鞋,滴妹-都冠伶
啾啾鞋,阿滴-都省瑞
欣西亞和Shane,千千-Chien-Chien
欣西亞和Shane,王思佳
欣西亞和Shane,薔薔-林嘉凌
羅時豐,草爺（含羞草日記）
羅時豐,阿部瑪利亞
羅時豐,蛇丸
羅時豐,微疼
羅時豐,溫妮-黃于恩
羅時豐,千千-Chien-Chien
羅時豐,阿翰
有感筆電-Daptoper,Ian與Eric（The-DoDo-Men---嘟嘟人）
有感筆電-Daptoper,張志祺（志祺七七-X-圖文不符）
有感筆電-Daptoper,亞拉（貓貓蟲咖波）
有感筆電-Daptoper,阿滴-都省瑞
有感筆電-Daptoper,Cheap-鄭才暐
Den,阿滴-都省瑞
Den,千千-Chien-Chien
Den,蔡哥
Den,韓國女生Judy
多米多羅-Domidolo,床編故事-Bad-Time-Stories
多米多羅-Domidolo,中指通
多米多羅-Domidolo,亞洲統神-張嘉航
多米多羅-Domidolo,孫沁岳
多米多羅-Domidolo,錫蘭-Ceylan
多米多羅-Domidolo,鵝肉麵
呱吉-邱威傑,許廷瑞（超認真少年Imserious）
呱吉-邱威傑,艾瑞絲-Aries
呱吉-邱威傑,瑋瑋-黃挺瑋
呱吉-邱威傑,百靈果
呱吉-邱威傑,鐵牛-伍嘉緯
呱吉-邱威傑,令&一粒（壹加壹）
呱吉-邱威傑,洋蔥（Onion-Man）
呱吉-邱威傑,喬瑟夫-ChillSeph
呱吉-邱威傑,錫蘭-Ceylan
呱吉-邱威傑,中指通
呱吉-邱威傑,溫妮-黃于恩
呱吉-邱威傑,奎丁
呱吉-邱威傑,吳卓源-Julia-Wu
呱吉-邱威傑,鳥屎
呱吉-邱威傑,本本
呱吉-邱威傑,愛莉莎莎-Alisasa
呱吉-邱威傑,一隻阿圓
呱吉-邱威傑,理科太太-Li-Ke-Tai-Tai
呱吉-邱威傑,恩熙俊
呱吉-邱威傑,關關關兒
呱吉-邱威傑,阿翰
呱吉-邱威傑,白癡公主
呱吉-邱威傑,微疼
呱吉-邱威傑,6tan
呱吉-邱威傑,蔡阿嘎-蔡緯嘉
呱吉-邱威傑,阿滴-都省瑞
呱吉-邱威傑,蔡哥
呱吉-邱威傑,焦凡凡
呱吉-邱威傑,冏星人-余玥
呱吉-邱威傑,啾啾鞋
呱吉-邱威傑,千千-Chien-Chien
呱吉-邱威傑,HowHow-陳孜昊
呱吉-邱威傑,咪妃
蓋彼-Gabi,黑男
蓋彼-Gabi,小賴-賴晏駒
蓋彼-Gabi,阿滴-都省瑞
蓋彼-Gabi,烏鴉DoKa
蓋彼-Gabi,小哥哥艾理-陳玟里
蓋彼-Gabi,愛莉莎莎-Alisasa
蓋彼-Gabi,焦凡凡
蓋彼-Gabi,艾瑞絲-Aries
蓋彼-Gabi,洋蔥（Onion-Man）
亞洲統神-張嘉航,小慧就愛吃-シャオホイ
亞洲統神-張嘉航,洋蔥（Onion-Man）
亞洲統神-張嘉航,老王
亞洲統神-張嘉航,鳥屎
亞洲統神-張嘉航,李芷婷
亞洲統神-張嘉航,千千-Chien-Chien
亞洲統神-張嘉航,啾啾鞋
亞洲統神-張嘉航,鐵牛-伍嘉緯
亞洲統神-張嘉航,HowHow-陳孜昊
亞洲統神-張嘉航,龜狗
亞洲統神-張嘉航,國動
夠維根Go-Vegan,阿滴-都省瑞
夠維根Go-Vegan,一隻阿圓
夠維根Go-Vegan,Ian與Eric（The-DoDo-Men---嘟嘟人）
夠維根Go-Vegan,賀瓏-Hello
夠維根Go-Vegan,哲睿-Jerry
夠維根Go-Vegan,床編故事-Bad-Time-Stories
夠維根Go-Vegan,反正我很閒
夠維根Go-Vegan,營養健身葛格Peeta
夠維根Go-Vegan,HOOK
夠維根Go-Vegan,恩熙俊
夠維根Go-Vegan,HowHow-陳孜昊
夠維根Go-Vegan,Allen（Men's-Game-玩物誌）
恩恩老師EanTV,啾啾鞋
恩恩老師EanTV,Andy老師-王崇睿
恩恩老師EanTV,彼得爸與蘇珊媽
恩恩老師EanTV,阿滴-都省瑞
恩恩老師EanTV,理科太太-Li-Ke-Tai-Tai
恩恩老師EanTV,Bobo&Kira（Bobo-TV）
恩恩老師EanTV,焦凡凡
恩恩老師EanTV,哲哲-黃雍哲
恩恩老師EanTV,瑋瑋-黃挺瑋
恩恩老師EanTV,黃氏兄弟
賀瓏-Hello,薔薔-林嘉凌
賀瓏-Hello,李芷婷
賀瓏-Hello,阿部瑪利亞
賀瓏-Hello,許廷瑞（超認真少年Imserious）
賀瓏-Hello,鐵牛-伍嘉緯
賀瓏-Hello,Celine-and-Cynthia---不只是旅行
賀瓏-Hello,黃明志
賀瓏-Hello,洋蔥（Onion-Man）
賀瓏-Hello,Ian與Eric（The-DoDo-Men---嘟嘟人）
賀瓏-Hello,賤葆-J-Bao
賀瓏-Hello,中指通
賀瓏-Hello,理科太太-Li-Ke-Tai-Tai
賀瓏-Hello,展榮&展瑞
賀瓏-Hello,張志祺（志祺七七-X-圖文不符）
賀瓏-Hello,令&一粒（壹加壹）
賀瓏-Hello,王思佳
賀瓏-Hello,歐耶老師
賀瓏-Hello,阿滴-都省瑞
賀瓏-Hello,百靈果
賀瓏-Hello,營養健身葛格Peeta
賀瓏-Hello,艾瑞絲-Aries
賀瓏-Hello,一隻阿圓
賀瓏-Hello,曾博恩
賀瓏-Hello,呱吉-邱威傑
賀瓏-Hello,溫妮-黃于恩
賀瓏-Hello,劉沛
賀瓏-Hello,琳妲-林羿禎
HOOK,多米多羅-Domidolo
HOOK,曾博恩
HOOK,薔薔-林嘉凌
HOOK,孫沁岳
HOOK,令&一粒（壹加壹）
HOOK,唐綺陽
HOOK,哲哲-黃雍哲
HOOK,瑋瑋-黃挺瑋
HOOK,阿神
HOOK,RuRu（Ru味春捲）
HOOK,展榮&展瑞
HOOK,泱泱-吳泱潾-LYNN
HOOK,阿部瑪利亞
HOOK,溫妮-黃于恩
HOOK,小賴-賴晏駒
HOOK,奎丁
HOOK,焦凡凡
HOOK,賤葆-J-Bao
HOOK,營養健身葛格Peeta
HOOK,劉沛
HOOK,艾瑞絲-Aries
HOOK,反骨男孩-WACKYBOYS
HOOK,居妮-Ginny
HOOK,一隻阿圓
HOOK,本本
HOOK,張志祺（志祺七七-X-圖文不符）
HOOK,洋蔥（Onion-Man）
HOOK,滴妹-都冠伶
HOOK,丹妮婊姐
HOOK,布萊克薛薛
HOOK,白癡公主
HOOK,千千-Chien-Chien
HOOK,阿滴-都省瑞
HOOK,鐵牛-伍嘉緯
HOOK,呱吉-邱威傑
HOOK,蔡阿嘎-蔡緯嘉
HOOK,HowHow-陳孜昊
HOOK,蔡哥
HOOK,蔡桃貴
HOOK,蛇丸
HOOK,阿翰
HOOK,小吳（見習網美小吳）
HowHow-陳孜昊,劉沛
HowHow-陳孜昊,丹妮婊姐
HowHow-陳孜昊,白癡公主
HowHow-陳孜昊,喬瑟夫-ChillSeph
HowHow-陳孜昊,曾博恩
HowHow-陳孜昊,關關關兒
HowHow-陳孜昊,嘎嫂二伯&蔡波能
HowHow-陳孜昊,亞洲統神-張嘉航
HowHow-陳孜昊,國動
HowHow-陳孜昊,蔡桃貴
HowHow-陳孜昊,蔡哥
HowHow-陳孜昊,呱吉-邱威傑
HowHow-陳孜昊,蔡阿嘎-蔡緯嘉
許伯&簡芝（倉鼠人）,好味小姐-Lady-Flavor
許伯&簡芝（倉鼠人）,霸軒與小美-Baxuan-&-Mei
許伯&簡芝（倉鼠人）,洋蔥（Onion-Man）
許伯&簡芝（倉鼠人）,白癡公主
許伯&簡芝（倉鼠人）,許廷瑞（超認真少年Imserious）
許伯&簡芝（倉鼠人）,阿滴-都省瑞
許伯&簡芝（倉鼠人）,鐵牛-伍嘉緯
許伯&簡芝（倉鼠人）,志銘與狸貓
許伯&簡芝（倉鼠人）,啾啾鞋
許伯&簡芝（倉鼠人）,塞門-Psyman
許伯&簡芝（倉鼠人）,中指通
許伯&簡芝（倉鼠人）,瑋瑋-黃挺瑋
許伯&簡芝（倉鼠人）,賤葆-J-Bao
哲哲-黃雍哲,黃氏兄弟
黃氏兄弟,瑋瑋-黃挺瑋
黃氏兄弟,哲哲-黃雍哲
關關關兒,解婕翎
關關關兒,鍾明軒
關關關兒,薔薔-林嘉凌
關關關兒,肥波
關關關兒,許廷瑞（超認真少年Imserious）
關關關兒,理科太太-Li-Ke-Tai-Tai
關關關兒,哲睿-Jerry
關關關兒,布萊克薛薛
關關關兒,百靈果
關關關兒,哲哲-黃雍哲
關關關兒,瑋瑋-黃挺瑋
關關關兒,中指通
關關關兒,賀瓏-Hello
關關關兒,張志祺（志祺七七-X-圖文不符）
關關關兒,泱泱-吳泱潾-LYNN
關關關兒,鳥屎
關關關兒,溫妮-黃于恩
關關關兒,洋蔥（Onion-Man）
關關關兒,奎丁
關關關兒,營養健身葛格Peeta
關關關兒,6tan
關關關兒,阿部瑪利亞
關關關兒,草爺（含羞草日記）
關關關兒,劉沛
關關關兒,令&一粒（壹加壹）
關關關兒,一隻阿圓
關關關兒,恩熙俊
關關關兒,鐵牛-伍嘉緯
關關關兒,嘎嫂二伯&蔡波能
關關關兒,阿翰
關關關兒,吳卓源-Julia-Wu
關關關兒,滴妹-都冠伶
關關關兒,阿滴-都省瑞
關關關兒,白癡公主
關關關兒,蔡阿嘎-蔡緯嘉
關關關兒,蔡桃貴
關關關兒,咪妃
關關關兒,HowHow-陳孜昊
關關關兒,千千-Chien-Chien
關關關兒,呱吉-邱威傑
關關關兒,蔡哥
谷阿莫,奎丁
茶里,啾啾鞋
茶里,洋蔥（Onion-Man）
茶里,霸軒與小美-Baxuan-&-Mei
茶里,蒼藍鴿的醫學天地
蛇丸,營養健身葛格Peeta
蛇丸,Andy老師-王崇睿
蛇丸,床編故事-Bad-Time-Stories
蛇丸,奎丁
蛇丸,黃氏兄弟
蛇丸,瑋瑋-黃挺瑋
蛇丸,Ian與Eric（The-DoDo-Men---嘟嘟人）
蛇丸,HowHow-陳孜昊
蛇丸,微疼
蛇丸,韓國女生Judy
蛇丸,解婕翎
蛇丸,曾博恩
蛇丸,爆哥-Neal
蛇丸,Zoebitalk肉比頭
蛇丸,霸軒與小美-Baxuan-&-Mei
蛇丸,羅時豐
蛇丸,儒哥
蛇丸,許廷瑞（超認真少年Imserious）
蛇丸,張志祺（志祺七七-X-圖文不符）
蛇丸,哲哲-黃雍哲
蛇丸,劉沛
蛇丸,館長-陳之漢
蛇丸,喬老師（MR.JOE-HOBBY.tv）
蛇丸,小許
蛇丸,愛莉莎莎-Alisasa
蛇丸,烏鴉DoKa
蛇丸,賤葆-J-Bao
蛇丸,HOOK
蛇丸,白癡公主
蛇丸,草爺（含羞草日記）
蛇丸,喬瑟夫-ChillSeph
蛇丸,小吳（見習網美小吳）
蛇丸,一隻阿圓
蛇丸,焦凡凡
蛇丸,阿部瑪利亞
蛇丸,6tan
蛇丸,蔡阿嘎-蔡緯嘉
蛇丸,千千-Chien-Chien
蛇丸,蔡哥
蛇丸,滴妹-都冠伶
蛇丸,洋蔥（Onion-Man）
蛇丸,溫妮-黃于恩
蛇丸,阿滴-都省瑞
蛇丸,艾瑞絲-Aries
蛇丸,鐵牛-伍嘉緯
唐綺陽,Ian與Eric（The-DoDo-Men---嘟嘟人）
唐綺陽,HOOK
唐綺陽,蔡哥
唐綺陽,阿滴-都省瑞
唐綺陽,阿翰
唐綺陽,鍾明軒
唐綺陽,呱吉-邱威傑
唐綺陽,蔡阿嘎-蔡緯嘉
唐綺陽,百靈果
唐綺陽,吳卓源-Julia-Wu
唐綺陽,張志祺（志祺七七-X-圖文不符）
唐綺陽,白癡公主
唐綺陽,蔡桃貴
唐綺陽,理科太太-Li-Ke-Tai-Tai
唐綺陽,冏星人-余玥
咪妃,彼得爸與蘇珊媽
咪妃,本本
咪妃,超粒方
咪妃,儒哥
咪妃,小許
咪妃,琳妲-林羿禎
咪妃,王思佳
咪妃,奎丁
咪妃,一隻阿圓
咪妃,那個女生-Kiki
咪妃,艾瑞絲-Aries
咪妃,解婕翎
咪妃,恩熙俊
咪妃,草爺（含羞草日記）
咪妃,鐵牛-伍嘉緯
咪妃,關關關兒
咪妃,愛莉莎莎-Alisasa
咪妃,蔡阿嘎-蔡緯嘉
咪妃,滴妹-都冠伶
咪妃,6tan
咪妃,可可酒精
咪妃,呱吉-邱威傑
韓國女生Judy,阿部瑪利亞
韓國女生Judy,奎丁
韓國女生Judy,黑男
韓國女生Judy,Andy老師-王崇睿
韓國女生Judy,阿滴-都省瑞
韓國女生Judy,洋蔥（Onion-Man）
韓國女生Judy,許廷瑞（超認真少年Imserious）
韓國女生Judy,阿翰
韓國女生Judy,Den
韓國女生Judy,百靈果
韓國女生Judy,蛇丸
韓國女生Judy,琳妲-林羿禎
韓國女生Judy,一隻阿圓
韓國女生Judy,喬瑟夫-ChillSeph
韓國女生Judy,咪蕾-미래
布萊克薛薛,一隻阿圓
布萊克薛薛,千千-Chien-Chien
野人七號部落,焦凡凡
冏星人-余玥,波特王-陳加晉
冏星人-余玥,黑素斯（阿兜仔不教美語）
冏星人-余玥,居妮-Ginny
冏星人-余玥,白癡公主
冏星人-余玥,微疼
冏星人-余玥,啾啾鞋
冏星人-余玥,志銘與狸貓
冏星人-余玥,呱吉-邱威傑
冏星人-余玥,滴妹-都冠伶
好味小姐-Lady-Flavor,白癡公主
好味小姐-Lady-Flavor,關關關兒
好味小姐-Lady-Flavor,滴妹-都冠伶
好味小姐-Lady-Flavor,啾啾鞋
好味小姐-Lady-Flavor,蔡哥
好味小姐-Lady-Flavor,阿滴-都省瑞
好味小姐-Lady-Flavor,蔡阿嘎-蔡緯嘉
好味小姐-Lady-Flavor,HowHow-陳孜昊
好味小姐-Lady-Flavor,呱吉-邱威傑
好味小姐-Lady-Flavor,展榮&展瑞
好味小姐-Lady-Flavor,黃氏兄弟
好味小姐-Lady-Flavor,令&一粒（壹加壹）
懶貓,解婕翎
懶貓,尊-朱玉恩（人生肥宅x尊）
理科太太-Li-Ke-Tai-Tai,洋蔥（Onion-Man）
理科太太-Li-Ke-Tai-Tai,阿翰
理科太太-Li-Ke-Tai-Tai,白癡公主
理科太太-Li-Ke-Tai-Tai,營養健身葛格Peeta
理科太太-Li-Ke-Tai-Tai,Ian與Eric（The-DoDo-Men---嘟嘟人）
理科太太-Li-Ke-Tai-Tai,鍾明軒
理科太太-Li-Ke-Tai-Tai,77老大
理科太太-Li-Ke-Tai-Tai,葳老闆-周品均
理科太太-Li-Ke-Tai-Tai,蔡哥
理科太太-Li-Ke-Tai-Tai,愛莉莎莎-Alisasa
理科太太-Li-Ke-Tai-Tai,小吳（見習網美小吳）
理科太太-Li-Ke-Tai-Tai,丹妮婊姐
理科太太-Li-Ke-Tai-Tai,嘎嫂二伯&蔡波能
理科太太-Li-Ke-Tai-Tai,展榮&展瑞
理科太太-Li-Ke-Tai-Tai,千千-Chien-Chien
理科太太-Li-Ke-Tai-Tai,唐綺陽
理科太太-Li-Ke-Tai-Tai,蔡阿嘎-蔡緯嘉
理科太太-Li-Ke-Tai-Tai,滴妹-都冠伶
理科太太-Li-Ke-Tai-Tai,劉沛
理科太太-Li-Ke-Tai-Tai,阿滴-都省瑞
理科太太-Li-Ke-Tai-Tai,HowHow-陳孜昊
琳妲-林羿禎,鄭毓倫（台南Josh）
琳妲-林羿禎,賤葆-J-Bao
琳妲-林羿禎,Cheap-鄭才暐
琳妲-林羿禎,布萊克薛薛
琳妲-林羿禎,營養健身葛格Peeta
琳妲-林羿禎,鍾明軒
琳妲-林羿禎,寒國人-張紹群
琳妲-林羿禎,喬瑟夫-ChillSeph
琳妲-林羿禎,韓國女生Judy
琳妲-林羿禎,烏鴉DoKa
琳妲-林羿禎,蛇丸
Lobo-蘿蔔,儒哥
Lobo-蘿蔔,小許
泱泱-吳泱潾-LYNN,嘎嫂二伯&蔡波能
泱泱-吳泱潾-LYNN,解婕翎
泱泱-吳泱潾-LYNN,關關關兒
泱泱-吳泱潾-LYNN,琳妲-林羿禎
泱泱-吳泱潾-LYNN,劉沛
泱泱-吳泱潾-LYNN,焦凡凡
泱泱-吳泱潾-LYNN,小吳（見習網美小吳）
泱泱-吳泱潾-LYNN,賤葆-J-Bao
泱泱-吳泱潾-LYNN,展榮&展瑞
泱泱-吳泱潾-LYNN,阿滴-都省瑞
泱泱-吳泱潾-LYNN,白癡公主
泱泱-吳泱潾-LYNN,RuRu（Ru味春捲）
泱泱-吳泱潾-LYNN,本本
泱泱-吳泱潾-LYNN,滴妹-都冠伶
泱泱-吳泱潾-LYNN,洋蔥（Onion-Man）
泱泱-吳泱潾-LYNN,喬瑟夫-ChillSeph
泱泱-吳泱潾-LYNN,6tan
泱泱-吳泱潾-LYNN,鳥屎
泱泱-吳泱潾-LYNN,蛇丸
泱泱-吳泱潾-LYNN,蔡桃貴
泱泱-吳泱潾-LYNN,HowHow-陳孜昊
泱泱-吳泱潾-LYNN,曾博恩
泱泱-吳泱潾-LYNN,HOOK
泱泱-吳泱潾-LYNN,呱吉-邱威傑
泱泱-吳泱潾-LYNN,愛莉莎莎-Alisasa
泱泱-吳泱潾-LYNN,一隻阿圓
泱泱-吳泱潾-LYNN,千千-Chien-Chien
泱泱-吳泱潾-LYNN,蔡哥
泱泱-吳泱潾-LYNN,阿部瑪利亞
泱泱-吳泱潾-LYNN,蔡阿嘎-蔡緯嘉
泱泱-吳泱潾-LYNN,溫妮-黃于恩
葳老闆-周品均,薔薔-林嘉凌
葳老闆-周品均,白癡公主
葳老闆-周品均,Ian與Eric（The-DoDo-Men---嘟嘟人）
葳老闆-周品均,Andy老師-王崇睿
葳老闆-周品均,HOOK
葳老闆-周品均,許廷瑞（超認真少年Imserious）
葳老闆-周品均,阿滴-都省瑞
葳老闆-周品均,張志祺（志祺七七-X-圖文不符）
葳老闆-周品均,小吳（見習網美小吳）
葳老闆-周品均,阿翰
葳老闆-周品均,愛莉莎莎-Alisasa
葳老闆-周品均,理科太太-Li-Ke-Tai-Tai
那個女生-Kiki,焦凡凡
那個女生-Kiki,孫沁岳
那個女生-Kiki,中指通
那個女生-Kiki,薔薔-林嘉凌
那個女生-Kiki,小吳（見習網美小吳）
那個女生-Kiki,滴妹-都冠伶
那個女生-Kiki,一隻阿圓
那個女生-Kiki,超強系列
那個女生-Kiki,張志祺（志祺七七-X-圖文不符）
那個女生-Kiki,賤葆-J-Bao
那個女生-Kiki,哲哲-黃雍哲
那個女生-Kiki,RuRu（Ru味春捲）
那個女生-Kiki,洋蔥（Onion-Man）
那個女生-Kiki,解婕翎
那個女生-Kiki,王思佳
那個女生-Kiki,阿部瑪利亞
那個女生-Kiki,77老大
那個女生-Kiki,瑋瑋-黃挺瑋
那個女生-Kiki,營養健身葛格Peeta
那個女生-Kiki,鐵牛-伍嘉緯
那個女生-Kiki,劉沛
那個女生-Kiki,奎丁
那個女生-Kiki,嘎嫂二伯&蔡波能
那個女生-Kiki,蔡桃貴
那個女生-Kiki,本本
那個女生-Kiki,艾瑞絲-Aries
那個女生-Kiki,琳妲-林羿禎
那個女生-Kiki,咪妃
那個女生-Kiki,啾啾鞋
那個女生-Kiki,鄭毓倫（台南Josh）
那個女生-Kiki,蔡阿嘎-蔡緯嘉
那個女生-Kiki,草爺（含羞草日記）
那個女生-Kiki,鳥屎
那個女生-Kiki,理科太太-Li-Ke-Tai-Tai
那個女生-Kiki,可可酒精
那個女生-Kiki,愛莉莎莎-Alisasa
那個女生-Kiki,Andy老師-王崇睿
那個女生-Kiki,阿滴-都省瑞
那個女生-Kiki,小賴-賴晏駒
那個女生-Kiki,蔡哥
那個女生-Kiki,HowHow-陳孜昊
那個女生-Kiki,阿翰
那個女生-Kiki,千千-Chien-Chien
那個女生-Kiki,白癡公主
那個女生-Kiki,溫妮-黃于恩
喬老師（MR.JOE-HOBBY.tv）,阿部瑪利亞
喬老師（MR.JOE-HOBBY.tv）,蛇丸
喬老師（MR.JOE-HOBBY.tv）,呱吉-邱威傑
喬老師（MR.JOE-HOBBY.tv）,蔡哥
喬老師（MR.JOE-HOBBY.tv）,一隻阿圓
喬老師（MR.JOE-HOBBY.tv）,阿滴-都省瑞
喬老師（MR.JOE-HOBBY.tv）,滴妹-都冠伶
喬老師（MR.JOE-HOBBY.tv）,鐵牛-伍嘉緯
喬老師（MR.JOE-HOBBY.tv）,咪妃
喬老師（MR.JOE-HOBBY.tv）,張志祺（志祺七七-X-圖文不符）
喬老師（MR.JOE-HOBBY.tv）,蔡阿嘎-蔡緯嘉
喬老師（MR.JOE-HOBBY.tv）,洋蔥（Onion-Man）
喬老師（MR.JOE-HOBBY.tv）,HowHow-陳孜昊
喬老師（MR.JOE-HOBBY.tv）,千千-Chien-Chien
喬老師（MR.JOE-HOBBY.tv）,白癡公主
喬老師（MR.JOE-HOBBY.tv）,解婕翎
喬老師（MR.JOE-HOBBY.tv）,6tan
歷史哥-李易修,百靈果
八炯-温子渝（攝徒日記Fun-TV）,錫蘭-Ceylan
八炯-温子渝（攝徒日記Fun-TV）,阿翰
八炯-温子渝（攝徒日記Fun-TV）,波特王-陳加晉
八炯-温子渝（攝徒日記Fun-TV）,本本
八炯-温子渝（攝徒日記Fun-TV）,奎丁
八炯-温子渝（攝徒日記Fun-TV）,艾瑞絲-Aries
Ricky&Nina（我們倆）,愛莉莎莎-Alisasa
Ricky&Nina（我們倆）,彼得爸與蘇珊媽
Ricky&Nina（我們倆）,鍾明軒
居妮-Ginny,超強系列
居妮-Ginny,冏星人-余玥
居妮-Ginny,薔薔-林嘉凌
居妮-Ginny,Charlie-查理
居妮-Ginny,鍾明軒
居妮-Ginny,丹妮婊姐
居妮-Ginny,瑋瑋-黃挺瑋
居妮-Ginny,焦凡凡
居妮-Ginny,蔡哥
居妮-Ginny,HOOK
居妮-Ginny,小吳（見習網美小吳）
居妮-Ginny,HowHow-陳孜昊
居妮-Ginny,愛莉莎莎-Alisasa
居妮-Ginny,一隻阿圓
居妮-Ginny,阿翰
居妮-Ginny,唐綺陽
洋蔥（Onion-Man）,尊-朱玉恩（人生肥宅x尊）
洋蔥（Onion-Man）,咪蕾-미래
洋蔥（Onion-Man）,茶里
洋蔥（Onion-Man）,Ian與Eric（The-DoDo-Men---嘟嘟人）
洋蔥（Onion-Man）,儒哥
洋蔥（Onion-Man）,Bump-黃煦傑
洋蔥（Onion-Man）,嘎嫂二伯&蔡波能
洋蔥（Onion-Man）,許廷瑞（超認真少年Imserious）
洋蔥（Onion-Man）,超粒方
洋蔥（Onion-Man）,好味小姐-Lady-Flavor
洋蔥（Onion-Man）,Zoebitalk肉比頭
洋蔥（Onion-Man）,李芷婷
洋蔥（Onion-Man）,亞洲統神-張嘉航
洋蔥（Onion-Man）,윤도이-尹到怡
洋蔥（Onion-Man）,鳥屎
洋蔥（Onion-Man）,反正我很閒
洋蔥（Onion-Man）,許伯&簡芝（倉鼠人）
洋蔥（Onion-Man）,鵝肉麵
洋蔥（Onion-Man）,床編故事-Bad-Time-Stories
洋蔥（Onion-Man）,中指通
洋蔥（Onion-Man）,哲哲-黃雍哲
洋蔥（Onion-Man）,瑋瑋-黃挺瑋
洋蔥（Onion-Man）,泡泡哥哥
洋蔥（Onion-Man）,希露弟弟啃雞腿
洋蔥（Onion-Man）,令&一粒（壹加壹）
洋蔥（Onion-Man）,志銘與狸貓
洋蔥（Onion-Man）,孫沁岳
洋蔥（Onion-Man）,亞拉（貓貓蟲咖波）
洋蔥（Onion-Man）,解婕翎
洋蔥（Onion-Man）,6tan
洋蔥（Onion-Man）,RuRu（Ru味春捲）
阿神,黑男
阿神,Cheap-鄭才暐
阿神,羽毛
阿神,尊-朱玉恩（人生肥宅x尊）
阿神,草爺（含羞草日記）
阿神,霸軒與小美-Baxuan-&-Mei
阿神,營養健身葛格Peeta
阿神,鳥屎
阿神,鐵牛-伍嘉緯
阿神,蒼藍鴿的醫學天地
阿神,鵝肉麵
阿神,劉沛
阿神,微疼
阿神,6tan
阿神,蔡哥
阿神,HOOK
阿神,百靈果
阿神,館長-陳之漢
Our-TV,Andy老師-王崇睿
Our-TV,溫妮-黃于恩
Our-TV,愛莉莎莎-Alisasa
Our-TV,白癡公主
Our-TV,HowHow-陳孜昊
Our-TV,蔡阿嘎-蔡緯嘉
Our-TV,草爺（含羞草日記）
Our-TV,烏鴉DoKa
Our-TV,Ryu
Our-TV,Bobo&Kira（Bobo-TV）
波特王-陳加晉,阿格力
波特王-陳加晉,Allen（Men's-Game-玩物誌）
波特王-陳加晉,冏星人-余玥
波特王-陳加晉,唐綺陽
波特王-陳加晉,八炯-温子渝（攝徒日記Fun-TV）
波特王-陳加晉,薔薔-林嘉凌
波特王-陳加晉,阿滴-都省瑞
館長-陳之漢,李芷婷
館長-陳之漢,國動
館長-陳之漢,亞洲統神-張嘉航
塞門-Psyman,鳥屎
塞門-Psyman,賤葆-J-Bao
塞門-Psyman,許伯&簡芝（倉鼠人）
塞門-Psyman,中指通
塞門-Psyman,營養健身葛格Peeta
塞門-Psyman,霸軒與小美-Baxuan-&-Mei
塞門-Psyman,反正我很閒
塞門-Psyman,6tan
塞門-Psyman,溫妮-黃于恩
塞門-Psyman,呱吉-邱威傑
塞門-Psyman,千千-Chien-Chien
塞門-Psyman,反骨男孩-WACKYBOYS
塞門-Psyman,劉沛
塞門-Psyman,蔡哥
塞門-Psyman,HowHow-陳孜昊
塞門-Psyman,滴妹-都冠伶
塞門-Psyman,蔡阿嘎-蔡緯嘉
塞門-Psyman,阿滴-都省瑞
阿滴-都省瑞,詹姆士
阿滴-都省瑞,韓國女生Judy
阿滴-都省瑞,Inokawa-Hajime井川一
阿滴-都省瑞,葳老闆-周品均
阿滴-都省瑞,薔薔-林嘉凌
阿滴-都省瑞,Allen（Men's-Game-玩物誌）
超強系列,大H
超強系列,Andy老師-王崇睿
儒哥,Bobo&Kira（Bobo-TV）
儒哥,哲哲-黃雍哲
儒哥,尼克星-潘律星
儒哥,展榮&展瑞
儒哥,瑋瑋-黃挺瑋
儒哥,黃氏兄弟
儒哥,豹子腿-方昶詠
儒哥,本本
儒哥,烏鴉DoKa
儒哥,蛇丸
儒哥,滴妹-都冠伶
儒哥,阿滴-都省瑞
儒哥,咪妃
儒哥,Lobo-蘿蔔
張志祺（志祺七七-X-圖文不符）,亞拉（貓貓蟲咖波）
張志祺（志祺七七-X-圖文不符）,霸軒與小美-Baxuan-&-Mei
張志祺（志祺七七-X-圖文不符）,Andy老師-王崇睿
張志祺（志祺七七-X-圖文不符）,營養健身葛格Peeta
張志祺（志祺七七-X-圖文不符）,Inokawa-Hajime井川一
張志祺（志祺七七-X-圖文不符）,有感筆電-Daptoper
張志祺（志祺七七-X-圖文不符）,錫蘭-Ceylan
張志祺（志祺七七-X-圖文不符）,阿滴-都省瑞
張志祺（志祺七七-X-圖文不符）,Cheap-鄭才暐
張志祺（志祺七七-X-圖文不符）,蛇丸
張志祺（志祺七七-X-圖文不符）,中指通
張志祺（志祺七七-X-圖文不符）,Zoebitalk肉比頭
張志祺（志祺七七-X-圖文不符）,李勛-SHIN-LI
張志祺（志祺七七-X-圖文不符）,瑋瑋-黃挺瑋
張志祺（志祺七七-X-圖文不符）,許廷瑞（超認真少年Imserious）
張志祺（志祺七七-X-圖文不符）,RuRu（Ru味春捲）
張志祺（志祺七七-X-圖文不符）,那個女生-Kiki
張志祺（志祺七七-X-圖文不符）,賤葆-J-Bao
張志祺（志祺七七-X-圖文不符）,Ian與Eric（The-DoDo-Men---嘟嘟人）
張志祺（志祺七七-X-圖文不符）,洋蔥（Onion-Man）
張志祺（志祺七七-X-圖文不符）,百靈果
張志祺（志祺七七-X-圖文不符）,唐綺陽
張志祺（志祺七七-X-圖文不符）,曾博恩
張志祺（志祺七七-X-圖文不符）,令&一粒（壹加壹）
張志祺（志祺七七-X-圖文不符）,阿翰
張志祺（志祺七七-X-圖文不符）,恩熙俊
張志祺（志祺七七-X-圖文不符）,黃氏兄弟
張志祺（志祺七七-X-圖文不符）,HOOK
張志祺（志祺七七-X-圖文不符）,劉沛
張志祺（志祺七七-X-圖文不符）,白癡公主
張志祺（志祺七七-X-圖文不符）,哲哲-黃雍哲
張志祺（志祺七七-X-圖文不符）,千千-Chien-Chien
張志祺（志祺七七-X-圖文不符）,滴妹-都冠伶
李勛-SHIN-LI,小賴-賴晏駒
李勛-SHIN-LI,張志祺（志祺七七-X-圖文不符）
李勛-SHIN-LI,Zoebitalk肉比頭
李勛-SHIN-LI,阿滴-都省瑞
李勛-SHIN-LI,彼得爸與蘇珊媽
李勛-SHIN-LI,柴鼠兄弟
羽毛,霸軒與小美-Baxuan-&-Mei
羽毛,老王
羽毛,HowHow-陳孜昊
羽毛,鳥屎
羽毛,6tan
龜狗,國動
Zack（超級房仲學院）,白癡公主
Zack（超級房仲學院）,老高與小茉-Mr-&-Mrs-Gao
Zack（超級房仲學院）,愛莉莎莎-Alisasa
Zack（超級房仲學院）,葳老闆-周品均
Zack（超級房仲學院）,百靈果
Zack（超級房仲學院）,RuRu（Ru味春捲）
小許,奎丁
小許,愛莉莎莎-Alisasa
小許,小哥哥艾理-陳玟里
小許,咪妃
小許,塞門-Psyman
小許,吳卓源-Julia-Wu
小許,洋蔥（Onion-Man）
小許,Lobo-蘿蔔
小許,蛇丸
鄭毓倫（台南Josh）,琳妲-林羿禎
鄭毓倫（台南Josh）,阿部瑪利亞
鄭毓倫（台南Josh）,草爺（含羞草日記）
鄭毓倫（台南Josh）,Ian與Eric（The-DoDo-Men---嘟嘟人）
鄭毓倫（台南Josh）,Bobo&Kira（Bobo-TV）
鄭毓倫（台南Josh）,HowHow-陳孜昊
鄭毓倫（台南Josh）,許廷瑞（超認真少年Imserious）
鄭毓倫（台南Josh）,哲睿-Jerry
鄭毓倫（台南Josh）,蔡哥
鄭毓倫（台南Josh）,Allen（Men's-Game-玩物誌）
鄭毓倫（台南Josh）,豹子腿-方昶詠
鄭毓倫（台南Josh）,啾啾鞋
鄭毓倫（台南Josh）,6tan
鄭毓倫（台南Josh）,蔡阿嘎-蔡緯嘉
超粒方,윤도이-尹到怡
超粒方,泡泡哥哥
Ian與Eric（The-DoDo-Men---嘟嘟人）,哲哲-黃雍哲
Ian與Eric（The-DoDo-Men---嘟嘟人）,嘎嫂二伯&蔡波能
Ian與Eric（The-DoDo-Men---嘟嘟人）,錫蘭-Ceylan
Ian與Eric（The-DoDo-Men---嘟嘟人）,洋蔥（Onion-Man）
Ian與Eric（The-DoDo-Men---嘟嘟人）,哲睿-Jerry
Ian與Eric（The-DoDo-Men---嘟嘟人）,蛇丸
Ian與Eric（The-DoDo-Men---嘟嘟人）,展榮&展瑞
Ian與Eric（The-DoDo-Men---嘟嘟人）,有感筆電-Daptoper
Ian與Eric（The-DoDo-Men---嘟嘟人）,小吳（見習網美小吳）
Ian與Eric（The-DoDo-Men---嘟嘟人）,唐綺陽
Ian與Eric（The-DoDo-Men---嘟嘟人）,賀瓏-Hello
Ian與Eric（The-DoDo-Men---嘟嘟人）,啾啾鞋
Ian與Eric（The-DoDo-Men---嘟嘟人）,蔡哥
Ian與Eric（The-DoDo-Men---嘟嘟人）,賤葆-J-Bao
Ian與Eric（The-DoDo-Men---嘟嘟人）,許廷瑞（超認真少年Imserious）
Ian與Eric（The-DoDo-Men---嘟嘟人）,百靈果
Ian與Eric（The-DoDo-Men---嘟嘟人）,床編故事-Bad-Time-Stories
Ian與Eric（The-DoDo-Men---嘟嘟人）,阿神
Ian與Eric（The-DoDo-Men---嘟嘟人）,蔡阿嘎-蔡緯嘉
Ian與Eric（The-DoDo-Men---嘟嘟人）,理科太太-Li-Ke-Tai-Tai
Ian與Eric（The-DoDo-Men---嘟嘟人）,Zoebitalk肉比頭
Ian與Eric（The-DoDo-Men---嘟嘟人）,黃氏兄弟
Ian與Eric（The-DoDo-Men---嘟嘟人）,丹妮婊姐
Ian與Eric（The-DoDo-Men---嘟嘟人）,阿翰
Ian與Eric（The-DoDo-Men---嘟嘟人）,令&一粒（壹加壹）
Ian與Eric（The-DoDo-Men---嘟嘟人）,營養健身葛格Peeta
Ian與Eric（The-DoDo-Men---嘟嘟人）,白癡公主
Ian與Eric（The-DoDo-Men---嘟嘟人）,阿部瑪利亞
Ian與Eric（The-DoDo-Men---嘟嘟人）,溫妮-黃于恩
Ian與Eric（The-DoDo-Men---嘟嘟人）,HOOK
Ian與Eric（The-DoDo-Men---嘟嘟人）,愛莉莎莎-Alisasa
Ian與Eric（The-DoDo-Men---嘟嘟人）,一隻阿圓
Ian與Eric（The-DoDo-Men---嘟嘟人）,千千-Chien-Chien
Ian與Eric（The-DoDo-Men---嘟嘟人）,劉沛
Ian與Eric（The-DoDo-Men---嘟嘟人）,張志祺（志祺七七-X-圖文不符）
Ian與Eric（The-DoDo-Men---嘟嘟人）,曾博恩
Ian與Eric（The-DoDo-Men---嘟嘟人）,Celine-and-Cynthia---不只是旅行
Ian與Eric（The-DoDo-Men---嘟嘟人）,滴妹-都冠伶
Ian與Eric（The-DoDo-Men---嘟嘟人）,阿滴-都省瑞
Ian與Eric（The-DoDo-Men---嘟嘟人）,黑男
蔡桃貴,蔡阿嘎-蔡緯嘉
蔡桃貴,嘎嫂二伯&蔡波能
烏鴉DoKa,琳妲-林羿禎
烏鴉DoKa,黑男
烏鴉DoKa,Andy老師-王崇睿
烏鴉DoKa,愛莉莎莎-Alisasa
烏鴉DoKa,錫蘭-Ceylan
烏鴉DoKa,洋蔥（Onion-Man）
烏鴉DoKa,77老大
烏鴉DoKa,蹦闆-呂育銓
烏鴉DoKa,微疼
烏鴉DoKa,館長-陳之漢
烏鴉DoKa,賤葆-J-Bao
uzra,解婕翎
反骨男孩-WACKYBOYS,千千-Chien-Chien
反骨男孩-WACKYBOYS,薔薔-林嘉凌
反骨男孩-WACKYBOYS,奎丁
反骨男孩-WACKYBOYS,蛇丸
反骨男孩-WACKYBOYS,賤葆-J-Bao
反骨男孩-WACKYBOYS,尊-朱玉恩（人生肥宅x尊）
反骨男孩-WACKYBOYS,許廷瑞（超認真少年Imserious）
反骨男孩-WACKYBOYS,曾博恩
反骨男孩-WACKYBOYS,李芷婷
反骨男孩-WACKYBOYS,錫蘭-Ceylan
反骨男孩-WACKYBOYS,烏鴉DoKa
反骨男孩-WACKYBOYS,本本
反骨男孩-WACKYBOYS,咪妃
反骨男孩-WACKYBOYS,解婕翎
反骨男孩-WACKYBOYS,館長-陳之漢
反骨男孩-WACKYBOYS,Andy老師-王崇睿
反骨男孩-WACKYBOYS,洋蔥（Onion-Man）
反骨男孩-WACKYBOYS,艾瑞絲-Aries
反骨男孩-WACKYBOYS,林進
反骨男孩-WACKYBOYS,愛莉莎莎-Alisasa
反骨男孩-WACKYBOYS,阿滴-都省瑞
反骨男孩-WACKYBOYS,展榮&展瑞
反骨男孩-WACKYBOYS,白癡公主
反骨男孩-WACKYBOYS,鐵牛-伍嘉緯
反骨男孩-WACKYBOYS,滴妹-都冠伶
反骨男孩-WACKYBOYS,蔡阿嘎-蔡緯嘉
反骨男孩-WACKYBOYS,琳妲-林羿禎
反骨男孩-WACKYBOYS,焦凡凡
反骨男孩-WACKYBOYS,小賴-賴晏駒
老王,孫沁岳
老王,蔡哥
老王,詹姆士
老王,亞洲統神-張嘉航
老王,鐵牛-伍嘉緯
老王,多米多羅-Domidolo
老王,賀瓏-Hello
老王,錫蘭-Ceylan
老王,好味小姐-Lady-Flavor
老王,喬瑟夫-ChillSeph
老王,蛇丸
老王,恩熙俊
老王,HowHow-陳孜昊
老王,解婕翎
老王,微疼
老王,鳥屎
老王,6tan
權證小哥,黃明志
權證小哥,游庭皓
權證小哥,草爺（含羞草日記）
權證小哥,Ryu
權證小哥,錫蘭-Ceylan
權證小哥,烏鴉DoKa
權證小哥,解婕翎
權證小哥,阿翰
權證小哥,鄭毓倫（台南Josh）
權證小哥,Bump-黃煦傑
權證小哥,Our-TV
權證小哥,奎丁
權證小哥,館長-陳之漢
國動,霸軒與小美-Baxuan-&-Mei
國動,龜狗
瑋瑋-黃挺瑋,理科太太-Li-Ke-Tai-Tai
瑋瑋-黃挺瑋,蛇丸
瑋瑋-黃挺瑋,鐵牛-伍嘉緯
瑋瑋-黃挺瑋,儒哥
瑋瑋-黃挺瑋,啾啾鞋
瑋瑋-黃挺瑋,百靈果
瑋瑋-黃挺瑋,薔薔-林嘉凌
瑋瑋-黃挺瑋,關關關兒
瑋瑋-黃挺瑋,哲哲-黃雍哲
瑋瑋-黃挺瑋,解婕翎
瑋瑋-黃挺瑋,阿部瑪利亞
瑋瑋-黃挺瑋,錫蘭-Ceylan
瑋瑋-黃挺瑋,HOOK
瑋瑋-黃挺瑋,令&一粒（壹加壹）
瑋瑋-黃挺瑋,許廷瑞（超認真少年Imserious）
瑋瑋-黃挺瑋,Zoebitalk肉比頭
瑋瑋-黃挺瑋,好味小姐-Lady-Flavor
瑋瑋-黃挺瑋,RuRu（Ru味春捲）
瑋瑋-黃挺瑋,洋蔥（Onion-Man）
瑋瑋-黃挺瑋,孫沁岳
瑋瑋-黃挺瑋,蔡哥
瑋瑋-黃挺瑋,張志祺（志祺七七-X-圖文不符）
瑋瑋-黃挺瑋,小吳（見習網美小吳）
瑋瑋-黃挺瑋,呱吉-邱威傑
瑋瑋-黃挺瑋,許伯&簡芝（倉鼠人）
瑋瑋-黃挺瑋,溫妮-黃于恩
瑋瑋-黃挺瑋,營養健身葛格Peeta
瑋瑋-黃挺瑋,Andy老師-王崇睿
瑋瑋-黃挺瑋,阿神
瑋瑋-黃挺瑋,小賴-賴晏駒
瑋瑋-黃挺瑋,西西歪
瑋瑋-黃挺瑋,焦凡凡
瑋瑋-黃挺瑋,居妮-Ginny
瑋瑋-黃挺瑋,奎丁
瑋瑋-黃挺瑋,賤葆-J-Bao
瑋瑋-黃挺瑋,艾瑞絲-Aries
瑋瑋-黃挺瑋,恩恩老師EanTV
瑋瑋-黃挺瑋,彼得爸與蘇珊媽
Inokawa-Hajime井川一,孫沁岳
Inokawa-Hajime井川一,阿滴-都省瑞
Inokawa-Hajime井川一,呱吉-邱威傑
蔡阿嘎-蔡緯嘉,6tan
蔡阿嘎-蔡緯嘉,令&一粒（壹加壹）
蔡阿嘎-蔡緯嘉,薔薔-林嘉凌
蔡阿嘎-蔡緯嘉,西西歪
蔡阿嘎-蔡緯嘉,哲哲-黃雍哲
蔡阿嘎-蔡緯嘉,瑋瑋-黃挺瑋
蔡阿嘎-蔡緯嘉,那個女生-Kiki
蔡阿嘎-蔡緯嘉,王思佳
蔡阿嘎-蔡緯嘉,嘎嫂二伯&蔡波能
蔡阿嘎-蔡緯嘉,彼得爸與蘇珊媽
蔡阿嘎-蔡緯嘉,HOOK
蔡阿嘎-蔡緯嘉,77老大
蔡阿嘎-蔡緯嘉,阿翰
蔡阿嘎-蔡緯嘉,唐綺陽
蔡阿嘎-蔡緯嘉,賤葆-J-Bao
蔡阿嘎-蔡緯嘉,鄭毓倫（台南Josh）
蔡阿嘎-蔡緯嘉,豹子腿-方昶詠
蔡阿嘎-蔡緯嘉,草爺（含羞草日記）
蔡阿嘎-蔡緯嘉,一隻阿圓
蔡阿嘎-蔡緯嘉,小吳（見習網美小吳）
蔡阿嘎-蔡緯嘉,奎丁
蔡阿嘎-蔡緯嘉,張志祺（志祺七七-X-圖文不符）
蔡阿嘎-蔡緯嘉,愛莉莎莎-Alisasa
蔡阿嘎-蔡緯嘉,蛇丸
蔡阿嘎-蔡緯嘉,鍾明軒
蔡阿嘎-蔡緯嘉,理科太太-Li-Ke-Tai-Tai
蔡阿嘎-蔡緯嘉,咪妃
蔡阿嘎-蔡緯嘉,解婕翎
蔡阿嘎-蔡緯嘉,溫妮-黃于恩
蔡阿嘎-蔡緯嘉,關關關兒
蔡阿嘎-蔡緯嘉,館長-陳之漢
蔡阿嘎-蔡緯嘉,焦凡凡
蔡阿嘎-蔡緯嘉,琳妲-林羿禎
蔡阿嘎-蔡緯嘉,反骨男孩-WACKYBOYS
蔡阿嘎-蔡緯嘉,Andy老師-王崇睿
蔡阿嘎-蔡緯嘉,蔡桃貴
蔡阿嘎-蔡緯嘉,蔡哥
蔡阿嘎-蔡緯嘉,呱吉-邱威傑
蔡阿嘎-蔡緯嘉,千千-Chien-Chien
蔡阿嘎-蔡緯嘉,劉沛
蔡阿嘎-蔡緯嘉,啾啾鞋
蔡阿嘎-蔡緯嘉,HowHow-陳孜昊
蔡阿嘎-蔡緯嘉,Ryu
蔡阿嘎-蔡緯嘉,滴妹-都冠伶
蔡阿嘎-蔡緯嘉,阿滴-都省瑞
蔡阿嘎-蔡緯嘉,冏星人-余玥
蔡阿嘎-蔡緯嘉,鐵牛-伍嘉緯
蔡阿嘎-蔡緯嘉,黃明志
蔡阿嘎-蔡緯嘉,白癡公主
蔡阿嘎-蔡緯嘉,林進
蔡阿嘎-蔡緯嘉,展榮&展瑞
孫沁岳,喬瑟夫-ChillSeph
孫沁岳,滴妹-都冠伶
孫沁岳,蔡阿嘎-蔡緯嘉
孫沁岳,Cheap-鄭才暐
孫沁岳,超粒方
孫沁岳,那個女生-Kiki
孫沁岳,HOOK
孫沁岳,本本
孫沁岳,Inokawa-Hajime井川一
孫沁岳,小吳（見習網美小吳）
孫沁岳,琳妲-林羿禎
孫沁岳,一隻阿圓
孫沁岳,啾啾鞋
孫沁岳,阿滴-都省瑞
孫沁岳,阿翰
孫沁岳,洋蔥（Onion-Man）
孫沁岳,多米多羅-Domidolo
孫沁岳,微疼
孫沁岳,6tan
孫沁岳,瑋瑋-黃挺瑋
孫沁岳,蔡哥
