派系名稱,成員總數,核心領袖,所有成員
Walktrap Group 1,42,蔡阿嘎,蔡阿嘎 | PanSci-泛科學 | 黃阿瑪的後宮生活 | 大蛇丸 | Joeman | 豆漿--Soybean-Milk | 貓貓蟲-咖波 | 人類超有病-Baxuan | 好味小姐 | 泱泱-LYNN | 千千進食中 | 飆悍 | How-Fun-如何爽 | HOOK | 江老師 | 我是老爸-我不要當爸! | 星期天 | 鹿人 | 麻糬爸 | 這群人TGOP | 黃氏兄弟 | 廉傑克曼 | 台灣吧 | 那些電影教我的事 | Onion-man-洋蔥先生與阿文 | 阿啾繪圖同萌 | 白癡公主 | 健人蓋仇 | Six-Wang | 超認真少年-I'm-Serious | 木曜4超玩 | 魚乾 | 艾爾文 | 志祺七七 | PEETA葛格 | 呱吉 | Ru's-Piano-Ru味春捲 | P.LEAGUE | HahaTai-哈哈台 | BBpPro-Lin-Ching-Chieh-林敬傑 | 電瀨少女-女孩的科技日常 | 柴犬Nana和阿楞的一天
Walktrap Group 2,41,莊酷炫,那對夫妻 | Aries艾瑞絲 | 陳彥婷 | 一隻阿圓 | 蕾菈-Lyla | 小A辣 | Sandy-珊迪 | Yun-Chou | 琳妲-林羿禎 | lan&Eric | 嘎嫂二伯 | Peter-Su | Sandy-&-Mandy | 愛莉莎莎-Alisasa | 彼得爸與蘇珊媽 | 元元 | 林進-飛醺卑鄙-fashion-baby | 小葵-XiaoKui | 蔡桃貴 | 丹妮婊姐 | KEOKI-BLACK布萊克薛薛 | 關韶文 | Andy老師 | 愛里 | 三原慧悟-Sanyuan_JAPAN | Patrick-派翠克 | 莊酷炫 | 孫生 | 辣媽Shania | Bonjour-Louis!-我是路易 | 羚小鹿 | 林淑芬2.0 | 見習網美小吳 | 欸你這週要幹嘛 | 咪妃Julia | 莊政威-Cliff-Chuang | 依梨 | 周小葳 | Irene-林艾融 | 喬喬兒Sylvia | 瑀熙-Yuci
Walktrap Group 3,8,妮妮-Nini,小象愛出門 | 魔術Channel---Davio | PopDaily | 李恩菲x菲菲 | 黃山料 | 妮妮-Nini | Ines-Wang | Emma艾瑪
Walktrap Group 4,2,豪吃來吃,虎麗笑嗨嗨 | 豪吃來吃
Walktrap Group 5,1,Jason-Chen-陳以桐,Jason-Chen-陳以桐
Walktrap Group 6,1,閃電狼Flash-Wolves,閃電狼Flash-Wolves
Walktrap Group 7,1,Lilyflute長笛姐姐,Lilyflute長笛姐姐
Walktrap Group 8,1,紫玥桃,紫玥桃
Walktrap Group 9,1,漢娜在翻譯,漢娜在翻譯
0-Degree,2,蘿潔塔的廚房,蘿潔塔的廚房 | A力地方媽媽
